exercise_id,exercise_name,body_part,equipment,primary_muscle,secondary_muscle,exercise_type,movement_type,exercise_image
5111,hanging toes to bar,abs,body weight,rectus abdominis,obliques|rectus femoris|vastus lateralis|vastus medialis|vastus intermedius,bilateral_simultaneous,compound,https://apilyfta.com/static/GymvisualPNG/38911101-Hanging-Toes-to-Bar_Waist_small.png
3398,weighted front plank,abs,body weight,rectus abdominis,obliques,duration_based,compound,https://apilyfta.com/static/GymvisualPNG/21351101-Weighted-Front-Plank_Waist_small.png
2824,cobra yoga pose,abs,body weight,rectus abdominis,erector spinae|gluteus maximus|biceps femoris|semitendinosus|semimembranosus,bilateral_simultaneous,isolation,https://apilyfta.com/static/GymvisualPNG/14821101-Cobra-Yoga-Pose_Waist_small.png
2837,oblique crunch,abs,body weight,obliques,rectus abdominis,bilateral_simultaneous,isolation,https://apilyfta.com/static/GymvisualPNG/14951101-Oblique-Crunch-(Version-2)_Waist_small.png
1894,elbow to knee,abs,body weight,obliques|rectus abdominis,gluteus maximus|rectus femoris|vastus lateralis|vastus medialis|vastus intermedius,bilateral_simultaneous,compound,https://apilyfta.com/static/GymvisualPNG/04431101-Elbow-to-Knee_waist_small.png
5193,seated side-to-side leg raise crunch on floor,abs,body weight,obliques|rectus abdominis,rectus femoris|vastus lateralis|vastus medialis|vastus intermedius,bilateral_simultaneous,compound,https://apilyfta.com/static/GymvisualPNG/39781101-Seated-Side-to-Side-Leg-Raise-Crunch-on-Floor_Waist_small.png
2186,sit-up,abs,body weight,rectus abdominis,obliques|rectus femoris|vastus lateralis|vastus medialis|vastus intermedius,bilateral_simultaneous,compound,https://apilyfta.com/static/GymvisualPNG/07351101-Sit-Up-II_waist_small.png
1594,bridge - straight arm,abs,body weight,rectus abdominis,obliques|rectus femoris|vastus lateralis|vastus medialis|vastus intermedius,bilateral_simultaneous,isolation,https://apilyfta.com/static/GymvisualPNG/01431101-Bridge-(straight-arm)_Waist_small.png
1452,3/4 sit-up,abs,body weight,rectus abdominis,obliques,bilateral_simultaneous,compound,https://apilyfta.com/static/GymvisualPNG/00011101-3-4-Sit-up_Waist_small.png
1592,bridge - mountain climber (cross body),abs,body weight,obliques,rectus abdominis|rectus femoris|vastus lateralis|vastus medialis|vastus intermedius,bilateral_simultaneous,compound,https://apilyfta.com/static/GymvisualPNG/01411101-Bridge---Mountain-Climber-(Cross-Body)-(female)_Waist-FIX_small.png
4853,vertical leg raise,abs,body weight,rectus abdominis,obliques|rectus femoris|vastus lateralis|vastus medialis|vastus intermedius,bilateral_simultaneous,isolation,https://apilyfta.com/static/GymvisualPNG/36231101-Vertical-Leg-Raise-(on-parallel-bars)-(female)-(VERSION-2)_Hips_small.png
1626,cable kneeling crunch,abs,cable,rectus abdominis,obliques,bilateral_simultaneous,isolation,https://apilyfta.com/static/GymvisualPNG/01751101-Cable-Kneeling-Crunch_Waist-FIX_small.png
1673,cable side bend,abs,cable,obliques,,bilateral_simultaneous,isolation,https://apilyfta.com/static/GymvisualPNG/02221101-Cable-Side-Bend_Waist-FIX_small.png
5801,weighted seated tuck crunch on floor,abs,dumbbell,rectus abdominis,flexors,bilateral_simultaneous,isolation,https://apilyfta.com/static/GymvisualPNG/46231101-Weighted-Seated-Tuck-Crunch-on-Floor_Waist_small.png
2092,otis up,abs,weighted,rectus abdominis,obliques,bilateral_simultaneous,compound,https://apilyfta.com/static/GymvisualPNG/06411101-Otis-Up_waist_small.png
2283,weighted crunch,abs,weighted,rectus abdominis,obliques,bilateral_simultaneous,isolation,https://apilyfta.com/static/GymvisualPNG/08321101-Weighted-Crunch_waist_small.png
2247,standing wheel rollout,abs,wheel roller,rectus abdominis,rear deltoids|lats|teres major,bilateral_simultaneous,compound,https://apilyfta.com/static/GymvisualPNG/07961101-Standing-Wheel-Rollout_Waist_small.png
3570,wheel rollout,abs,wheel roller,obliques|rectus abdominis,rear deltoids|lats|teres major,bilateral_simultaneous,compound,https://apilyfta.com/static/GymvisualPNG/23321101-Wheel-Rollout-(female)_Waist_small.png
1478,barbell bent over row,back,barbell,rotator cuff|lats|teres major|upper traps|lower traps,brachialis|brachioradialis|rear deltoids,bilateral_simultaneous,compound,https://apilyfta.com/static/GymvisualPNG/00271101-Barbell-Bent-Over-Row_Back-FIX_small.png
5336,barbell deadstop row with rack,back,barbell,lats,teres major,bilateral_simultaneous,compound,https://apilyfta.com/static/GymvisualPNG/41261101-Barbell-Deadstop-Row-with-Rack-(male)_Back_small.png
2312,cable seated row,back,cable,rotator cuff|lats|teres major|upper traps|lower traps,brachialis|brachioradialis|rear deltoids,bilateral_simultaneous,compound,https://apilyfta.com/static/GymvisualPNG/08611101-Cable-seated-row_Back_small.png
3530,cable wide-grip lat pulldown,back,cable,lats,biceps brachii|brachialis|brachioradialis|rear deltoids|rotator cuff|teres major,bilateral_simultaneous,compound,https://apilyfta.com/static/GymvisualPNG/22911101-Cable-Wide-Grip-Lat-Pulldown-(female)_Back_small.png
2640,cable standing lat pushdown (rope equipment),back,cable,lats,teres major|long head|lateral head|medial head,bilateral_simultaneous,isolation,https://apilyfta.com/static/GymvisualPNG/12291101-Cable-Standing-Lat-Pushdown-(rope-equipment)_Back_small.png
291,cable close grip front lat pulldown,back,cable,lats,brachialis|brachioradialis|side deltoids|teres major|upper traps|lower traps,bilateral_simultaneous,compound,https://apilyfta.com/static/GymvisualPNG/10471101-Cable-Close-Grip-Front-Lat-Pulldown_Back_small.png
1628,cable lateral pulldown (with rope attachment),back,cable,lats,brachialis|brachioradialis|rear deltoids|teres major|upper traps|lower traps,bilateral_simultaneous,compound,https://apilyfta.com/static/GymvisualPNG/01771101-Cable-Lateral-Pulldown-(with-rope-attachment)_Back_small.png
338,cable wide grip rear pulldown behind neck,back,cable,lats,brachialis|teres major,bilateral_simultaneous,compound,https://apilyfta.com/static/GymvisualPNG/13251101-Cable-Wide-Grip-Rear-Pulldown-Behind-Neck_Back_small.png
1644,cable one arm straight back high row,back,cable,rotator cuff|lats|teres major|upper traps|lower traps,brachialis|brachioradialis|side deltoids|rear deltoids,bilateral_simultaneous,compound,https://apilyfta.com/static/GymvisualPNG/01931101-Cable-One-Arm-Straight-Back-High-Row-(kneeling)_Back_small.png
1649,cable pulldown,back,cable,lats,brachialis|brachioradialis|rear deltoids|rotator cuff|teres major|upper traps|lower traps,bilateral_simultaneous,compound,https://apilyfta.com/static/GymvisualPNG/01981101-Cable-Pulldown_Back_small.png
1688,cable straight arm pulldown (with rope),back,cable,lats,rear deltoids|teres major|long head|lateral head|medial head,bilateral_simultaneous,isolation,https://apilyfta.com/static/GymvisualPNG/02371101-Cable-Straight-Arm-Pulldown-(with-rope)_Back-FIX_small.png
1857,dumbbell shrug,back,dumbbell,upper traps|lower traps,,bilateral_simultaneous,isolation,https://apilyfta.com/static/GymvisualPNG/04061101-Dumbbell-Shrug_Back-FIX_small.png
1744,dumbbell bent over row,back,dumbbell,rotator cuff|lats|teres major|upper traps|lower traps,brachialis|brachioradialis|rear deltoids,bilateral_simultaneous,compound,https://apilyfta.com/static/GymvisualPNG/02931101-Dumbbell-Bent-Over-Row_Back-FIX_small.png
2022,lever alternating narrow grip seated row (plate loaded),back,leverage machine,rotator cuff|lats|teres major|upper traps|lower traps,brachialis|brachioradialis|rear deltoids,bilateral_simultaneous,compound,https://apilyfta.com/static/GymvisualPNG/05711101-Lever-Alternating-Narrow-Grip-Seated-Row-(plate-loaded)_Back_small.png
5314,trap bar bent over row,back,trap bar,rotator cuff|lats|teres major|upper traps|lower traps,brachialis|brachioradialis|rear deltoids,bilateral_simultaneous,compound,https://apilyfta.com/static/GymvisualPNG/41041101-Trap-Bar-Bent-Over-Row-(male)_Back_small.png
5313,trap bar standing shrug,back,trap bar,upper traps|lower traps,,bilateral_simultaneous,isolation,https://apilyfta.com/static/GymvisualPNG/41031101-Trap-Bar-Standing-Shrug-(male)_Back_small.png
1557,barbell standing close grip curl,biceps,barbell,biceps brachii,brachialis|brachioradialis,bilateral_simultaneous,isolation,https://apilyfta.com/static/GymvisualPNG/01061101-Barbell-Standing-Close-Grip-Curl_Upper-Arms_small.png
13,barbell drag curl,biceps,barbell,biceps brachii,brachialis|brachioradialis|front deltoids,bilateral_simultaneous,isolation,https://apilyfta.com/static/GymvisualPNG/00381101-Barbell-Drag-Curl_Upper-Arms_small.png
408,barbell standing wide grip biceps curl,biceps,barbell,biceps brachii,brachialis|brachioradialis,bilateral_simultaneous,isolation,https://apilyfta.com/static/GymvisualPNG/16291101-Barbell-Standing-Wide-Grip-Biceps-Curl_Upper-Arms_small.png
411,cable drag curl,biceps,cable,biceps brachii,brachialis|brachioradialis,bilateral_simultaneous,isolation,https://apilyfta.com/static/GymvisualPNG/16321101-Cable-Drag-Curl_Upper-Arms_small.png
3894,cable one arm biceps curl,biceps,cable,biceps brachii,brachialis|brachioradialis,bilateral_simultaneous,isolation,https://apilyfta.com/static/GymvisualPNG/26561101-Cable-One-Arm-Biceps-Curl-(VERSION-2)_Upper-Arms_small.png
2948,cable rope hammer preacher curl,biceps,cable,brachialis,brachialis|brachioradialis,bilateral_simultaneous,isolation,https://apilyfta.com/static/GymvisualPNG/16391101-Cable-Rope-Hammer-Preacher-Curl_Upper-Arms_small.png
2944,cable lying bicep curl,biceps,cable,biceps brachii,brachialis|brachioradialis,bilateral_simultaneous,isolation,https://apilyfta.com/static/GymvisualPNG/16341101-Cable-Lying-Bicep-Curl_Upper-Arms_small.png
409,cable close grip curl,biceps,cable,biceps brachii,long head|lateral head|medial head|extensors,bilateral_simultaneous,isolation,https://apilyfta.com/static/GymvisualPNG/16301101-Cable-Close-Grip-Curl_Upper-Arms_small.png
2319,cable curl,biceps,cable,brachialis,brachialis|brachioradialis,bilateral_simultaneous,isolation,https://apilyfta.com/static/GymvisualPNG/08681101-Cable-Curl-(male)_Upper-Arms-FIX_small.png
1748,dumbbell concentration curl,biceps,dumbbell,brachialis,brachialis|brachioradialis,unilateral_alternating,isolation,https://apilyfta.com/static/GymvisualPNG/02971101-Dumbbell-Concentration-Curl_Upper-Arms_small.png
418,dumbbell seated hammer curl,biceps,dumbbell,brachialis|brachioradialis,biceps brachii|flexors,bilateral_simultaneous,isolation,https://apilyfta.com/static/GymvisualPNG/16781101-Dumbbell-Seated-Hammer-Curl_Upper-Arms_small.png
4322,dumbbell single arm preacher curl,biceps,dumbbell,brachialis,brachialis|brachioradialis,unilateral_alternating,isolation,https://apilyfta.com/static/GymvisualPNG/30841101-Dumbbell-Single-Arm-Preacher-Curl-(female)_Upper-Arms_small.png
1745,dumbbell biceps curl,biceps,dumbbell,brachialis,brachialis|brachioradialis,bilateral_simultaneous,isolation,https://apilyfta.com/static/GymvisualPNG/02941101-Dumbbell-Biceps-Curl_Upper-Arms_small.png
414,dumbbell biceps curl reverse,biceps,dumbbell,biceps brachii,brachialis|long head|lateral head|medial head,bilateral_simultaneous,isolation,https://apilyfta.com/static/GymvisualPNG/16541101-Dumbbell-Biceps-Curl-Reverse_Upper-Arms_small.png
2956,dumbbell alternate seated hammer curl,biceps,dumbbell,biceps brachii,long head|lateral head|medial head,unilateral_alternating,isolation,https://apilyfta.com/static/GymvisualPNG/16481101-Dumbbell-Alternate-Seated-Hammer-Curl_Upper-Arms_small.png
1879,dumbbell standing preacher curl,biceps,dumbbell,brachialis,biceps brachii|brachioradialis,unilateral_alternating,isolation,https://apilyfta.com/static/GymvisualPNG/04281101-Dumbbell-Standing-Preacher-Curl_Upper-Arms_small.png
5755,dumbbell standing biceps curl to shoulder press,biceps,dumbbell,biceps brachii,long head|lateral head|medial head|front deltoids,bilateral_simultaneous,compound,https://apilyfta.com/static/GymvisualPNG/45741101-Dumbbell-Standing-Biceps-Curl-to-Shoulder-Press-(male)_Shoulders_small.png
1736,dumbbell alternate biceps curl,biceps,dumbbell,biceps brachii,brachialis|brachioradialis,unilateral_alternating,isolation,https://apilyfta.com/static/GymvisualPNG/02851101-Dumbbell-Alternate-Biceps-Curl_Upper-Arms-AFIX_small.png
1867,dumbbell standing biceps curl,biceps,dumbbell,biceps brachii,brachialis|brachioradialis,bilateral_simultaneous,isolation,https://apilyfta.com/static/GymvisualPNG/04161101-Dumbbell-Standing-Biceps-Curl_Upper-Arms_small.png
1749,dumbbell cross body hammer curl,forearms,dumbbell,brachioradialis, biceps brachii|brachialis,unilateral_alternating,isolation,https://apilyfta.com/static/GymvisualPNG/02981101-Dumbbell-Cross-Body-Hammer-Curl_Forearms_small.png
3640,dumbbell hammer curls (with arm blaster),forearms,dumbbell,brachioradialis,biceps brachii|brachialis,bilateral_simultaneous,isolation,https://apilyfta.com/static/GymvisualPNG/24021101-Dumbbell-Hammer-Curls-(with-arm-blaster)_Forearms_small.png
1559,barbell standing leg calf raise,calves,barbell,gastrocnemius,soleus,bilateral_simultaneous,isolation,https://apilyfta.com/static/GymvisualPNG/01081101-Barbell-Standing-Leg-Calf-Raise_Calf_small.png
352,barbell floor calf raise,calves,barbell,gastrocnemius,soleus,bilateral_simultaneous,isolation,https://apilyfta.com/static/GymvisualPNG/13701101-Barbell-Floor-Calf-Raise_Calves_small.png
38,barbell seated calf raise,calves,barbell,gastrocnemius,soleus,bilateral_simultaneous,isolation,https://apilyfta.com/static/GymvisualPNG/00881101-Barbell-Seated-Calf-Raise_Calves_small.png
3999,ankle - dorsal flexion,calves,body weight,gastrocnemius,soleus,bilateral_simultaneous,isolation,https://apilyfta.com/static/GymvisualPNG/27611101-Ankle---Dorsal-Flexion_Articulations_small.png
353,bodyweight standing calf raise,calves,body weight,gastrocnemius|soleus,,bilateral_simultaneous,isolation,https://apilyfta.com/static/GymvisualPNG/13731101-Bodyweight-Standing-Calf-Raise_Calves_small.png
2388,calves stretch,calves,body weight,gastrocnemius,soleus,duration_based,isolation,https://apilyfta.com/static/GymvisualPNG/09371101-Calves-stretch_Calves_small.png
27723,dumbbell walking calf raise,calves,dumbbell,gastrocnemius,soleus,unilateral_alternating,isolation,https://apilyfta.com/static/GymvisualPNG/56981101-Dumbbell-Walking-Calf-Raise_Calves_small.png
1868,dumbbell standing calf raise,calves,dumbbell,gastrocnemius,soleus,bilateral_simultaneous,isolation,https://apilyfta.com/static/GymvisualPNG/04171101-Dumbbell-Standing-Calf-Raise_Calf_small.png
2746,dumbbell seated calf raise,calves,dumbbell,gastrocnemius,soleus,bilateral_simultaneous,isolation,https://apilyfta.com/static/GymvisualPNG/13791101-Dumbbell-Seated-Calf-Raise_Calves_small.png
3573,lever seated calf press,calves,leverage machine,gastrocnemius,soleus,bilateral_simultaneous,isolation,https://apilyfta.com/static/GymvisualPNG/23351101-Lever-Seated-Calf-Press_Calves_small.png
2751,lever seated squat calf raise on leg press machine,calves,leverage machine,gastrocnemius|rectus femoris|vastus lateralis|vastus medialis|vastus intermedius,gluteus maximus|biceps femoris|semitendinosus|semimembranosus|soleus,bilateral_simultaneous,compound,https://apilyfta.com/static/GymvisualPNG/13851101-Lever-Seated-Squat-Calf-Raise-on-Leg-Press-Machine_Calves_small.png
358,smith toe raise,calves,smith machine,gastrocnemius,soleus,bilateral_simultaneous,isolation,https://apilyfta.com/static/GymvisualPNG/13961101-Smith-Toe-Raise_Calves_small.png
2224,smith standing leg calf raise,calves,smith machine,gastrocnemius,soleus,bilateral_simultaneous,isolation,https://apilyfta.com/static/GymvisualPNG/07731101-Smith-Standing-Leg-Calf-Raise_Calf_small.png
295,smith calf raise,calves,smith machine,gastrocnemius,soleus,bilateral_simultaneous,isolation,https://apilyfta.com/static/GymvisualPNG/11641101-Smith-Calf-Raise-(version-2)_Calves_small.png
5370,squat hold calf raise,calves,body weight,gastrocnemius,gluteus maximus|rectus femoris|vastus lateralis|vastus medialis|vastus intermedius|soleus,bilateral_simultaneous,compound,https://apilyfta.com/static/GymvisualPNG/41601101-Squat-Hold-Calf-Raise_Calves_small.png
2136,run,cardio,body weight,gluteus maximus|biceps femoris|semitendinosus|semimembranosus|rectus abdominis,,duration_based,cardio,https://apilyfta.com/static/GymvisualPNG/06851101-Run_Cardio-FIX_small.png
1928,high knee skips,cardio,body weight,gluteus maximus|biceps femoris|semitendinosus|semimembranosus|rectus abdominis,,duration_based,cardio,https://apilyfta.com/static/GymvisualPNG/04771101-High-Knee-Skips_Cardio_small.png
1967,jumping jack,cardio,body weight,gluteus maximus|biceps femoris|semitendinosus|semimembranosus|rectus abdominis,,duration_based,cardio,https://apilyfta.com/static/GymvisualPNG/05161101-Jumping-Jack_Cardio_small.png
4275,butt kicks,cardio,body weight,gluteus maximus,soleus,duration_based,cardio,https://apilyfta.com/static/GymvisualPNG/30371101-Butt-Kicks-(male)_Cardio_small.png
3498,walking,cardio,body weight,gluteus maximus|biceps femoris|semitendinosus|semimembranosus|rectus abdominis,,duration_based,cardio,https://apilyfta.com/static/GymvisualPNG/22581101-Walking_Cardio_small.png
2081,mountain climber,cardio,body weight,rectus abdominis|teres major,rotator cuff,duration_based,cardio,https://apilyfta.com/static/GymvisualPNG/06301101-Mountain-Climber_Cardio-FIX_small.png
293,burpee,cardio,body weight,rectus femoris|vastus lateralis|vastus medialis|vastus intermedius|gluteus maximus|biceps femoris|semitendinosus|semimembranosus|front deltoids|long head|lateral head|medial head|rectus abdominis,erector spinae,duration_based,cardio,https://apilyfta.com/static/GymvisualPNG/11601101-Burpee_Cardio_small.png
1929,high knee squat,cardio,body weight,rectus femoris|vastus lateralis|vastus medialis|vastus intermedius,,bilateral_simultaneous,cardio,https://apilyfta.com/static/GymvisualPNG/04781101-High-Knee-Squat_Cardio_small.png
3436,elliptical machine walk,cardio,elliptical machine,cardio,,duration_based,cardio,https://apilyfta.com/static/GymvisualPNG/21921101-Elliptical-Machine-Walk_Cardio_small.png
3518,stationary bike run,cardio,exercise bike,gluteus maximus|rectus femoris|vastus lateralis|vastus medialis|vastus intermedius,biceps femoris|semitendinosus|semimembranosus|gastrocnemius,duration_based,cardio,https://apilyfta.com/static/GymvisualPNG/22791101-Stationary-Bike-Run-(version-4)_Cardio_small.png
3437,bicycle recline walk,cardio,exercise bike,gluteus maximus,,duration_based,cardio,https://apilyfta.com/static/GymvisualPNG/21931101-Bicycle-Recline-Walk_Cardio_small.png
3569,cycle cross trainer,cardio,exercise bike,gluteus maximus|rectus abdominis|serratus|soleus|teres major,,duration_based,cardio,https://apilyfta.com/static/GymvisualPNG/23311101-Cycle-Cross-Trainer_Cardio_small.png
4906,skip jump rope,cardio,rope,gastrocnemius|biceps femoris|semitendinosus|semimembranosus|rectus femoris|vastus lateralis|vastus medialis|vastus intermedius|soleus,gluteus maximus,duration_based,cardio,https://apilyfta.com/static/GymvisualPNG/36761101-Skip-Jump-Rope-(male)_Cardio_small.png
4896,walking on incline treadmill,cardio,treadmill,gluteus maximus|rectus femoris|vastus lateralis|vastus medialis|vastus intermedius|gastrocnemius, biceps femoris|semitendinosus|semimembranosus,duration_based,cardio,https://apilyfta.com/static/GymvisualPNG/36661101-Walking-on-Incline-Treadmill_Cardio_small.png
3499,walking on treadmill,cardio,treadmill,gastrocnemius|biceps femoris|semitendinosus|semimembranosus|rectus femoris|vastus lateralis|vastus medialis|vastus intermedius|soleus,,duration_based,cardio,https://apilyfta.com/static/GymvisualPNG/22591101-Walking-on-Treadmill_Cardio_small.png
2135,run on treadmill,cardio,treadmill,gluteus maximus|biceps femoris|semitendinosus|semimembranosus|rectus abdominis,,duration_based,cardio,https://apilyfta.com/static/GymvisualPNG/06841101-Run-(equipment)_Cardio_small.png
4953,barbell floor chest press,chest,barbell,upper chest|middle chest,front deltoids|long head|lateral head|medial head,bilateral_simultaneous,compound,https://apilyfta.com/static/GymvisualPNG/37241101-Barbell-Floor-Chest-Press_Chest_small.png
1498,barbell incline bench press,chest,barbell,upper chest,front deltoids|long head|lateral head|medial head,bilateral_simultaneous,compound,https://apilyfta.com/static/GymvisualPNG/00471101-Barbell-Incline-Bench-Press_Chest-FIX_small.png
2,barbell bench press,chest,barbell,middle chest,front deltoids|upper chest|long head|lateral head|medial head,bilateral_simultaneous,compound,https://apilyfta.com/static/GymvisualPNG/00251101-Barbell-Bench-Press_Chest-FIX_small.png
1573,barbell wide bench press,chest,barbell,middle chest|upper chest,front deltoids|long head|lateral head|medial head,bilateral_simultaneous,compound,https://apilyfta.com/static/GymvisualPNG/01221101-Barbell-Wide-Bench-Press_Chest_small.png
114,decline push-up,chest,body weight,upper chest|middle chest,front deltoids|long head|lateral head|medial head,bilateral_simultaneous,compound,https://apilyfta.com/static/GymvisualPNG/02791101-Decline-Push-Up-m_chest_small.png
111,chest dip,chest,body weight,upper chest|middle chest,front deltoids|lats|long head|lateral head|medial head,bilateral_simultaneous,compound,https://apilyfta.com/static/GymvisualPNG/02511101-Chest-Dip_Chest_small.png
1460,assisted chest dip (kneeling),chest,body weight,upper chest,middle chest|front deltoids|lats|teres major|long head|lateral head|medial head,bilateral_simultaneous,compound,https://apilyfta.com/static/GymvisualPNG/00091101-Assisted-Chest-Dip-(kneeling)_Chest_small.png
230,push-up,chest,body weight,upper chest|middle chest,front deltoids|long head|lateral head|medial head,bilateral_simultaneous,compound,https://apilyfta.com/static/GymvisualPNG/06621101-Push-up-m_Chest-FIX_small.png
2670,deep push-up,chest,body weight,upper chest|middle chest,front deltoids|biceps brachii|long head|lateral head|medial head,bilateral_simultaneous,compound,https://apilyfta.com/static/GymvisualPNG/12741101-Deep-Push-Up_Chest-FIX_small.png
1639,cable middle fly,chest,cable,upper chest|middle chest,side deltoids|biceps brachii,bilateral_simultaneous,isolation,https://apilyfta.com/static/GymvisualPNG/01881101-Cable-Middle-Fly_Chest-FIX_small.png
100,cable standing fly,chest,cable,upper chest|middle chest,front deltoids,bilateral_simultaneous,isolation,https://apilyfta.com/static/GymvisualPNG/02271101-Cable-Standing-Fly_Chest_small.png
5569,lever incline one arm chest press (plate loaded),chest,chest press machine,upper chest,front deltoids,bilateral_simultaneous,compound,https://apilyfta.com/static/GymvisualPNG/43711101-Lever-Incline-One-Arm-Chest-Press-(plate-loaded)_Chest_small.png
327,lever decline chest press,chest,chest press machine,upper chest|middle chest|lower chest,front deltoids|long head|lateral head|medial head,bilateral_simultaneous,compound,https://apilyfta.com/static/GymvisualPNG/13001101-Lever-Decline-Chest-Press_Chest_small.png
326,lever incline chest press,chest,chest press machine,upper chest,front deltoids|long head|lateral head|medial head,bilateral_simultaneous,compound,https://apilyfta.com/static/GymvisualPNG/12991101-Leverage-Incline-Chest-Press_Chest_small.png
2796,dumbbell bent arm pullover hold,chest,dumbbell,lats|middle chest,teres major|long head|lateral head|medial head,bilateral_simultaneous,isolation,https://apilyfta.com/static/GymvisualPNG/14441101-Dumbbell-Bent-Arm-Pullover-Hold_Isometric_small.png
1759,dumbbell fly,chest,dumbbell,upper chest,biceps brachii|front deltoids,bilateral_simultaneous,isolation,https://apilyfta.com/static/GymvisualPNG/03081101-Dumbbell-Fly_Chest-FIX_small.png
5182,dumbbell incline around the world,chest,dumbbell,front deltoids|upper chest, side deltoids|rear deltoids|lats|serratus,bilateral_simultaneous,compound,https://apilyfta.com/static/GymvisualPNG/39671101-Dumbbell-Incline-Around-the-World_Shoulders_small.png
129,dumbbell decline hammer press,chest,dumbbell,upper chest,front deltoids|long head|lateral head|medial head,bilateral_simultaneous,compound,https://apilyfta.com/static/GymvisualPNG/03031101-Dumbbell-Decline-Hammer-Press_Chest_small.png
117,dumbbell bench press,chest,dumbbell,upper chest,front deltoids|long head|lateral head|medial head,bilateral_simultaneous,compound,https://apilyfta.com/static/GymvisualPNG/02891101-Dumbbell-Bench-Press_Chest_small.png
219,lever seated fly,chest,leverage machine,front deltoids,biceps brachii|upper chest|serratus,bilateral_simultaneous,isolation,https://apilyfta.com/static/GymvisualPNG/05961101-Lever-Seated-Fly_Chest_small.png
204,lever chest press (plate loaded),chest,leverage machine,upper chest,long head|lateral head|medial head|front deltoids,bilateral_simultaneous,compound,https://apilyfta.com/static/GymvisualPNG/05761101-Lever-Chest-Press-(plate-loaded)_Chest_small.png
275,lever pec deck fly,chest,leverage machine,upper chest,front deltoids,bilateral_simultaneous,isolation,https://apilyfta.com/static/GymvisualPNG/10301101-Lever-Pec-Deck-Fly_Chest_small.png
27756,lever incline fly,chest,leverage machine,upper chest,front deltoids,bilateral_simultaneous,isolation,https://apilyfta.com/static/GymvisualPNG/58431101-Lever-Incline-Fly-(male)_Chest_small.png
286,lever lying chest press (plate loaded),chest,leverage machine,upper chest|middle chest,long head|front deltoids|lateral head|medial head,bilateral_simultaneous,compound,https://apilyfta.com/static/GymvisualPNG/10411101-Lever-Lying-Chest-Press-(plate-loaded)_Chest_small.png
241,smith bench press,chest,smith machine,upper chest,front deltoids|long head|lateral head|medial head,bilateral_simultaneous,compound,https://apilyfta.com/static/GymvisualPNG/07481101-Smith-Bench-Press_Chest-FIX_small.png
245,smith decline bench press,chest,smith machine,middle chest,front deltoids|long head|front deltoids|lateral head|medial head,bilateral_simultaneous,compound,https://apilyfta.com/static/GymvisualPNG/07531101-Smith-Decline-Bench-Press_Chest_small.png
247,smith incline bench press,chest,smith machine,upper chest,front deltoids|long head|front deltoids|lateral head|medial head,bilateral_simultaneous,compound,https://apilyfta.com/static/GymvisualPNG/07571101-Smith-Incline-Bench-Press_Chest-FIX_small.png
330,smith wide grip decline bench press,chest,smith machine,upper chest,front deltoids|long head|front deltoids|lateral head|medial head,bilateral_simultaneous,compound,https://apilyfta.com/static/GymvisualPNG/13091101-Smith-Wide-Grip-Decline-Bench-Press_Chest_small.png
2774,barbell palms down wrist curl over a bench,forearms,barbell,extensors,,bilateral_simultaneous,isolation,https://apilyfta.com/static/GymvisualPNG/14111101-Barbell-Palms-Down-Wrist-Curl-Over-A-Bench_Forearms_small.png
27974,barbell standing wrist curl,forearms,barbell,flexors,brachioradialis,bilateral_simultaneous,isolation,https://apilyfta.com/static/GymvisualPNG/62621101-Barbell-Standing-Wrist-Curl_Forearms_small.png
1903,ez barbell reverse grip preacher curl,forearms,barbell,brachioradialis,biceps brachii|brachialis,bilateral_simultaneous,isolation,https://apilyfta.com/static/GymvisualPNG/04521101-EZ-Barbell-Reverse-grip-Preacher-Curl_Forearms_small.png
399,barbell behind back finger curl,forearms,barbell,flexors,front deltoids,bilateral_simultaneous,isolation,https://apilyfta.com/static/GymvisualPNG/16101101-Barbell-Behind-Back-Finger-Curl_Forearms_small.png
1561,barbell standing reverse grip curl,forearms,barbell,brachioradialis,biceps brachii|brachialis,bilateral_simultaneous,isolation,https://apilyfta.com/static/GymvisualPNG/01101101-Barbell-Standing-Reverse-Grip-Curl_Forearms_small.png
1698,cable wrist curl,forearms,cable,flexors,,bilateral_simultaneous,isolation,https://apilyfta.com/static/GymvisualPNG/02471101-Cable-Wrist-Curl_Forearm_small.png
1616,cable hammer curl (with rope),forearms,cable,brachioradialis,biceps brachii|brachialis,bilateral_simultaneous,isolation,https://apilyfta.com/static/GymvisualPNG/01651101-Cable-Hammer-Curl-(with-rope)-m_Forearms_small.png
1661,cable reverse wrist curl,forearms,cable,extensors,,bilateral_simultaneous,isolation,https://apilyfta.com/static/GymvisualPNG/02101101-Cable-Reverse-Wrist-Curl_Forearm_small.png
4918,dumbbell seated reverse grip biceps curl,forearms,dumbbell,brachioradialis,biceps brachii|brachialis,bilateral_simultaneous,isolation,https://apilyfta.com/static/GymvisualPNG/36881101-Dumbbell-Seated-Reverse-Grip-Biceps-Curl_Forearms_small.png
28013,dumbbell standing wrist reverse curl,forearms,dumbbell,extensors,biceps brachii|brachioradialis,bilateral_simultaneous,isolation,https://apilyfta.com/static/GymvisualPNG/63621101-Dumbbell-Standing-Wrist-Reverse-Curl_Forearms_small.png
27682,ez bar seated wrist curl,forearms,ez barbell,flexors,brachioradialis,bilateral_simultaneous,isolation,https://apilyfta.com/static/GymvisualPNG/55791101-EZ-Bar-Seated-Wrist-Curl_Forearms-FIX_small.png
28012,ez barbell standing wrist reverse curl,forearms,ez barbell,extensors,biceps brachii|brachioradialis,bilateral_simultaneous,isolation,https://apilyfta.com/static/GymvisualPNG/63611101-EZ-Barbell-Standing-Wrist-Reverse-Curl_Forearms_small.png
28088,weighted plate standing biceps curl,forearms,weighted,biceps brachii,brachialis|brachioradialis|front deltoids|flexors,bilateral_simultaneous,isolation,https://apilyfta.com/static/GymvisualPNG/66981101-Weighted-Plate-Standing-Biceps-Curl-(male)_Forearms_small.png
28179,weighted plate standing hands torsion,forearms,weighted,brachioradialis|extensors|flexors,,bilateral_simultaneous,isolation,https://apilyfta.com/static/GymvisualPNG/70551101-Weighted-Plate-Standing-Hands-Torsion-(male)_Forearms_small.png
5440,weighted seated reverse wrist curl,forearms,weighted,extensors,,bilateral_simultaneous,isolation,https://apilyfta.com/static/GymvisualPNG/42321101-Weighted-Seated-Reverse-Wrist-Curl_Forearms_small.png
1532,barbell reverse preacher curl,forearms,barbell,brachioradialis,biceps brachii|brachialis,bilateral_simultaneous,isolation,https://apilyfta.com/static/GymvisualPNG/00811101-Barbell-Reverse-Preacher-Curl_Forearm_small.png
1567,barbell straight leg deadlift,hamstrings,barbell,biceps femoris|semitendinosus|semimembranosus,gluteus maximus,bilateral_simultaneous,compound,https://apilyfta.com/static/GymvisualPNG/01161101-Barbell-Straight-Leg-Deadlift_Thighs-AFIX_small.png
1495,barbell good morning,hamstrings,barbell,biceps femoris|semitendinosus|semimembranosus,gluteus maximus,bilateral_simultaneous,compound,https://apilyfta.com/static/GymvisualPNG/00441101-Barbell-Good-Morning_Thighs-AFIX_small.png
5490,dumbbell lying hamstring curl,hamstrings,dumbbell,biceps femoris|semitendinosus|semimembranosus,gluteus maximus|gastrocnemius,unilateral_simultaneous,isolation,https://apilyfta.com/static/GymvisualPNG/42921301-Dumbbell-Lying-Hamstring-Curl_Thighs_720_small.png
4675,dumbbell swing,hamstrings,dumbbell,front deltoids|gluteus maximus|biceps femoris|semitendinosus|semimembranosus,side deltoids|upper chest|serratus|soleus,unilateral_simultaneous,compound,https://apilyfta.com/static/GymvisualPNG/34451101-Dumbbell-Swing-(female)_Hips_small.png
2000,kettlebell swing,hamstrings,kettlebell,front deltoids|gluteus maximus|biceps femoris|semitendinosus|semimembranosus,side deltoids|upper chest|serratus|soleus,bilateral_simultaneous,compound,https://apilyfta.com/static/GymvisualPNG/05491101-Kettlebell-Swing_Kettlebell_small.png
2920,lever seated one leg curl,hamstrings,leverage machine,biceps femoris|semitendinosus|semimembranosus,gastrocnemius|soleus,bilateral_simultaneous,isolation,https://apilyfta.com/static/GymvisualPNG/15861101-Lever-Seated-One-Leg-Curl_Thighs_small.png
222,lever seated leg curl,hamstrings,leverage machine,biceps femoris|semitendinosus|semimembranosus,gastrocnemius|soleus,bilateral_simultaneous,isolation,https://apilyfta.com/static/GymvisualPNG/05991101-Lever-Seated-Leg-Curl_Thighs-FIX_small.png
1536,barbell romanian deadlift,glutes,barbell,gluteus maximus,biceps femoris|semitendinosus|semimembranosus|rectus femoris|vastus lateralis|vastus medialis|vastus intermedius|soleus,bilateral_simultaneous,compound,https://apilyfta.com/static/GymvisualPNG/00851101-Barbell-Romanian-Deadlift_Hips_small.png
4960,barbell sumo romanian deadlift,glutes,barbell,gluteus maximus,biceps femoris|semitendinosus|semimembranosus|rectus femoris|vastus lateralis|vastus medialis|vastus intermedius|soleus,bilateral_simultaneous,compound,https://apilyfta.com/static/GymvisualPNG/37311101-Barbell-Sumo-Romanian-Deadlift_Hips_small.png
5382,barbell banded romanian deadlift,glutes,barbell,gluteus maximus,biceps femoris|semitendinosus|semimembranosus|rectus femoris|vastus lateralis|vastus medialis|vastus intermedius|soleus,bilateral_simultaneous,compound,https://apilyfta.com/static/GymvisualPNG/41731101-Barbell-Banded-Romanian-Deadlift_Hips_small.png
1550,barbell single leg split squat,glutes,barbell,gluteus maximus|rectus femoris|vastus lateralis|vastus medialis|vastus intermedius,soleus,bilateral_simultaneous,compound,https://apilyfta.com/static/GymvisualPNG/00991101-Barbell-Single-Leg-Split-Squat_Hips_small.png
292,barbell hip thrust,glutes,barbell,gluteus maximus,biceps femoris|semitendinosus|semimembranosus,bilateral_simultaneous,compound,https://apilyfta.com/static/GymvisualPNG/10601101-Barbell-Hip-Thrust_Hips_small.png
1483,barbell deadlift,glutes,barbell,gluteus maximus,biceps femoris|semitendinosus|semimembranosus|rectus femoris|vastus lateralis|vastus medialis|vastus intermedius|soleus,bilateral_simultaneous,compound,https://apilyfta.com/static/GymvisualPNG/00321101-Barbell-Deadlift_Hips-FIX2_small.png
1525,barbell rack pull,glutes,barbell,gluteus maximus,biceps femoris|semitendinosus|semimembranosus|rectus femoris|vastus lateralis|vastus medialis|vastus intermedius|soleus,bilateral_simultaneous,compound,https://apilyfta.com/static/GymvisualPNG/00741101-Barbell-Rack-Pull_Hips-FIX_small.png
3462,dumbbell romanian deadlift,glutes,dumbbell,gluteus maximus,biceps femoris|semitendinosus|semimembranosus,bilateral_simultaneous,compound,https://apilyfta.com/static/GymvisualPNG/22221101-Dumbbell-Romanian-Deadlift-(female)_Hips_small.png
2906,kettlebell one legged deadlift,glutes,kettlebell,gluteus maximus,biceps femoris|semitendinosus|semimembranosus,bilateral_simultaneous,compound,https://apilyfta.com/static/GymvisualPNG/15691101-Kettlebell-One-Legged-Deadlift_Hips_small.png
5343,kettlebell suitcase deadlift (male),glutes,kettlebell,gluteus maximus,biceps femoris|semitendinosus|semimembranosus|rectus femoris|vastus lateralis|vastus medialis|vastus intermedius|soleus,bilateral_simultaneous,compound,https://apilyfta.com/static/GymvisualPNG/41331101-Kettlebell-Suitcase-Deadlift-(male)_Hips_small.png
5601,kettlebells sumo deadlift,glutes,kettlebell,gluteus maximus,biceps femoris|semitendinosus|semimembranosus|rectus femoris|vastus lateralis|vastus medialis|vastus intermedius|soleus,bilateral_simultaneous,compound,https://apilyfta.com/static/GymvisualPNG/44031101-Kettlebells-Sumo-Deadlift_Hips_small.png
258,smith squat,glutes,smith machine,gluteus maximus,biceps femoris|semitendinosus|semimembranosus|rectus femoris|vastus lateralis|vastus medialis|vastus intermedius|soleus,bilateral_simultaneous,compound,https://apilyfta.com/static/GymvisualPNG/07701101-Smith-Squat_Hips_small.png
392,smith stiff legged deadlift,glutes,smith machine,gluteus maximus,biceps femoris|semitendinosus|semimembranosus,bilateral_simultaneous,compound,https://apilyfta.com/static/GymvisualPNG/15971101-Smith-Stiff-Legged-Deadlift_Hips_small.png
2860,smith good morning off pins,glutes,smith machine,gluteus maximus,biceps femoris|semitendinosus|semimembranosus,bilateral_simultaneous,compound,https://apilyfta.com/static/GymvisualPNG/15191101-Smith-Good-Morning-Off-Pins_Hips_small.png
2206,smith hack squat,glutes,smith machine,gluteus maximus|rectus femoris|vastus lateralis|vastus medialis|vastus intermedius,soleus,bilateral_simultaneous,compound,https://apilyfta.com/static/GymvisualPNG/07551101-Smith-Hack-Squat_Hips_small.png
5217,smith sumo squat,glutes,smith machine,gluteus maximus,rectus femoris|vastus lateralis|vastus medialis|vastus intermedius,bilateral_simultaneous,compound,https://apilyfta.com/static/GymvisualPNG/40051101-Smith-Sumo-Squat-(female)_Hips_small.png
1477,barbell bench squat,quadriceps,barbell,rectus femoris|vastus lateralis|vastus medialis|vastus intermedius,,bilateral_simultaneous,compound,https://apilyfta.com/static/GymvisualPNG/00261101-Barbell-Bench-Squat_Hips_small.png
179,dumbbell squat,quadriceps,dumbbell,rectus femoris|vastus lateralis|vastus medialis|vastus intermedius,,bilateral_simultaneous,compound,https://apilyfta.com/static/GymvisualPNG/04131101-Dumbbell-Squat_Hips_small.png
146,dumbbell lunge,quadriceps,dumbbell,rectus femoris|vastus lateralis|vastus medialis|vastus intermedius,gluteus maximus,unilateral_alternating,compound,https://apilyfta.com/static/GymvisualPNG/03361101-Dumbbell-Lunge_Hips_small.png
244,smith deadlift,glutes,smith machine,gluteus maximus,biceps femoris|semitendinosus|semimembranosus,bilateral_simultaneous,compound,https://apilyfta.com/static/GymvisualPNG/07521101-Smith-Deadlift_Hips_small.png
27570,roll neck decompress lying on floor,neck,body weight,sternocleidomastoid,upper traps|lower traps,duration_based,isolation,https://apilyfta.com/static/GymvisualPNG/53721101-Roll-Neck-Decompress-Lying-on-Floor_Neck_small.png
3118,rotating neck stretch,neck,body weight,sternocleidomastoid,splenius capitis|splenius cervicis,bilateral_simultaneous,isolation,https://apilyfta.com/static/GymvisualPNG/18311101-Rotating-Neck-Stretch_Neck_small.png
4387,chin tuck,neck,body weight,sternocleidomastoid,splenius capitis|splenius cervicis,bilateral_simultaneous,isolation,https://apilyfta.com/static/GymvisualPNG/31491101-Chin-Tuck_Neck_small.png
3123,forward flexion neck stretch,neck,body weight,sternocleidomastoid,splenius capitis|splenius cervicis,duration_based,isolation,https://apilyfta.com/static/GymvisualPNG/18361101-Forward-Flexion-Neck-Stretch_Neck_small.png
1913,front and back neck stretch,neck,body weight,sternocleidomastoid,splenius capitis|splenius cervicis,bilateral_simultaneous,isolation,https://apilyfta.com/static/GymvisualPNG/04621101-Front-and-Back-Neck-Stretch_Neck_small.png
3119,diagonal flexion neck stretch,neck,body weight,sternocleidomastoid,splenius capitis|splenius cervicis,duration_based,isolation,https://apilyfta.com/static/GymvisualPNG/18321101-Diagonal-Flexion-Neck-Stretch_Neck_small.png
3120,neck extension stretch,neck,body weight,splenius capitis|splenius cervicis,sternocleidomastoid,duration_based,isolation,https://apilyfta.com/static/GymvisualPNG/18331101-Neck-Extension-Stretch_Neck_small.png
3650,cable seated neck flexion (with head harness),neck,cable,sternocleidomastoid,splenius capitis|splenius cervicis,bilateral_simultaneous,isolation,https://apilyfta.com/static/GymvisualPNG/24121101-Cable-Seated-Neck-Flexion-(with-head-harness)_Neck_small.png
3647,weighted lying neck flexion (with head harness),neck,weighted,sternocleidomastoid,splenius capitis|splenius cervicis,bilateral_simultaneous,isolation,https://apilyfta.com/static/GymvisualPNG/24091101-Weighted-Lying-Neck-Flexion-(with-head-harness)_Neck_small.png
3646,weighted lying neck extension (with head harness),neck,weighted,splenius capitis|splenius cervicis,sternocleidomastoid|upper traps|lower traps,bilateral_simultaneous,isolation,https://apilyfta.com/static/GymvisualPNG/24081101-Weighted-Lying-Neck-Extension-(with-head-harness)_Neck_small.png
3648,weighted standing neck extension (with head harness),neck,weighted,splenius capitis|splenius cervicis,sternocleidomastoid|upper traps|lower traps,bilateral_simultaneous,isolation,https://apilyfta.com/static/GymvisualPNG/24101101-Weighted-Standing-Neck-Extension-(with-head-harness)_Neck_small.png
268,weighted seated neck extension (with head harness),neck,weighted,splenius capitis|splenius cervicis,sternocleidomastoid|upper traps|lower traps,bilateral_simultaneous,isolation,https://apilyfta.com/static/GymvisualPNG/08481101-Weighted-Seated-Neck-Extension-(with-head-harness)_Neck_small.png
2494,barbell sumo squat,quadriceps,barbell,rectus femoris|vastus lateralis|vastus medialis|vastus intermedius,gluteus maximus,bilateral_simultaneous,compound,https://apilyfta.com/static/GymvisualPNG/10631101-Barbell-sumo-squat_Thighs-AFIX_small.png
18,barbell full squat,quadriceps,barbell,vastus lateralis|vastus medialis|vastus intermedius|rectus femoris,gluteus maximus|biceps femoris|semitendinosus|semimembranosus,bilateral_simultaneous,compound,https://apilyfta.com/static/GymvisualPNG/00431101-Barbell-Full-Squat_Thighs_small.png
28,barbell one leg squat,quadriceps,barbell,vastus lateralis|vastus medialis|vastus intermedius|rectus femoris,gluteus maximus|biceps femoris|semitendinosus|semimembranosus,bilateral_simultaneous,compound,https://apilyfta.com/static/GymvisualPNG/00681101-Barbell-One-Leg-Squat_thighs_small.png
1549,barbell side split squat,quadriceps,barbell,vastus lateralis|vastus medialis|vastus intermedius|rectus femoris,gluteus maximus|biceps femoris|semitendinosus|semimembranosus|gluteus medius|gluteus minimus,bilateral_simultaneous,compound,https://apilyfta.com/static/GymvisualPNG/00981101-Barbell-Side-Split-Squat_Thighs_small.png
1480,barbell clean grip front squat,quadriceps,barbell,vastus lateralis|vastus medialis|vastus intermedius|rectus femoris,gluteus maximus|biceps femoris|semitendinosus|semimembranosus,bilateral_simultaneous,compound,https://apilyfta.com/static/GymvisualPNG/00291101-Barbell-Clean-grip-Front-Squat_Thighs_small.png
14,barbell front chest squat,quadriceps,barbell,vastus lateralis|vastus medialis|vastus intermedius|rectus femoris,gluteus maximus|biceps femoris|semitendinosus|semimembranosus,bilateral_simultaneous,compound,https://apilyfta.com/static/GymvisualPNG/00391101-Barbell-Front-Chest-Squat_Thighs_small.png
2798,barbell zercher squat hold,quadriceps,barbell,vastus lateralis|vastus medialis|vastus intermedius|rectus femoris,gluteus maximus|biceps femoris|semitendinosus|semimembranosus|rectus abdominis|obliques,bilateral_simultaneous,compound,https://apilyfta.com/static/GymvisualPNG/14461101-Barbell-Zercher-Squat-Hold_Isometric_small.png
1502,barbell jefferson squat,quadriceps,barbell,vastus lateralis|vastus medialis|vastus intermedius|rectus femoris,gluteus maximus|biceps femoris|semitendinosus|semimembranosus,bilateral_simultaneous,compound,https://apilyfta.com/static/GymvisualPNG/00511101-Barbell-Jefferson-Squat_Thighs-FIX_small.png
1822,dumbbell plyo squat,quadriceps,dumbbell,vastus lateralis|vastus medialis|vastus intermedius|rectus femoris,gluteus maximus|biceps femoris|semitendinosus|semimembranosus|gastrocnemius,unilateral_simultaneous,compound,https://apilyfta.com/static/GymvisualPNG/03711101-Dumbbell-Plyo-Squat_thighs_small.png
4205,dumbbell front squat (female),quadriceps,dumbbell,vastus lateralis|vastus medialis|vastus intermedius|rectus femoris,gluteus maximus|biceps femoris|semitendinosus|semimembranosus,bilateral_simultaneous,compound,https://apilyfta.com/static/GymvisualPNG/29671101-Dumbbell-Front-Squat-(female)_Thighs_small.png
4921,dumbbell goblet split squat,quadriceps,dumbbell,vastus lateralis|vastus medialis|vastus intermedius|rectus femoris,gluteus maximus|biceps femoris|semitendinosus|semimembranosus,unilateral_simultaneous,compound,https://apilyfta.com/static/GymvisualPNG/36911101-Dumbbell-Goblet-Split-Squat_Thighs_small.png
236,sled 45 leg wide press,quadriceps,sled machine,vastus lateralis|vastus medialis|vastus intermedius|rectus femoris,gluteus maximus|biceps femoris|semitendinosus|semimembranosus,bilateral_simultaneous,compound,https://apilyfta.com/static/GymvisualPNG/07401101-Sled-45-Leg-Wide-Press_Thighs_small.png
3507,lever seated leg press,quadriceps,sled machine,vastus lateralis|vastus medialis|vastus intermedius|rectus femoris,gluteus maximus|biceps femoris|semitendinosus|semimembranosus,bilateral_simultaneous,compound,https://apilyfta.com/static/GymvisualPNG/22671101-Lever-Seated-Leg-Press_Thighs_small.png
1492,barbell front raise,shoulders,barbell,front deltoids,side deltoids|serratus,bilateral_simultaneous,isolation,https://apilyfta.com/static/GymvisualPNG/00411101-Barbell-Front-Raise_Shoulders_small.png
2239,standing behind neck press,shoulders,barbell,front deltoids,rear deltoids|long head|lateral head|medial head,bilateral_simultaneous,compound,https://apilyfta.com/static/GymvisualPNG/07881101-Standing-Behind-Neck-Press_Shoulders_small.png
2593,barbell standing military press (without rack),shoulders,barbell,front deltoids,side deltoids|long head|lateral head|medial head,bilateral_simultaneous,compound,https://apilyfta.com/static/GymvisualPNG/11651101-Barbell-Standing-Military-Press-(without-rack)_Shoulders-FIX_small.png
1537,barbell seated behind head military press,shoulders,barbell,front deltoids,side deltoids|serratus|long head|lateral head|medial head,bilateral_simultaneous,compound,https://apilyfta.com/static/GymvisualPNG/00861101-Barbell-Seated-Behind-Head-Military-Press_Shoulders_small.png
27557,barbell standing shoulders press,shoulders,barbell,front deltoids,side deltoids|serratus|long head|lateral head|medial head,bilateral_simultaneous,compound,https://apilyfta.com/static/GymvisualPNG/53281101-Barbell-Standing-Shoulders-Press_Shoulders-FIX_small.png
163,dumbbell rear lateral raise,shoulders,dumbbell,front deltoids|side deltoids|rear deltoids,upper traps|lower traps,bilateral_simultaneous,isolation,https://apilyfta.com/static/GymvisualPNG/03801101-Dumbbell-Rear-Lateral-Raise_Shoulders_small.png
140,dumbbell incline rear lateral raise,shoulders,dumbbell,side deltoids|rear deltoids,front deltoids|upper traps|lower traps,bilateral_simultaneous,isolation,https://apilyfta.com/static/GymvisualPNG/03261101-Dumbbell-Incline-Rear-Lateral-Raise_Shoulders_small.png
1806,dumbbell one arm lateral raise,shoulders,dumbbell,side deltoids,front deltoids|rear deltoids,unilateral_alternating,isolation,https://apilyfta.com/static/GymvisualPNG/03551101-Dumbbell-One-Arm-Lateral-Raise_shoulder_small.png
1846,dumbbell seated lateral raise ii,shoulders,dumbbell,side deltoids,front deltoids|rear deltoids,bilateral_simultaneous,isolation,https://apilyfta.com/static/GymvisualPNG/03951101-Dumbbell-Seated-Lateral-Raise-II_shoulder_small.png
1785,dumbbell lateral raise,shoulders,dumbbell,side deltoids,front deltoids|rear deltoids|serratus|long head|lateral head|side deltoids|long head|lateral head|medial head,bilateral_simultaneous,isolation,https://apilyfta.com/static/GymvisualPNG/03341101-Dumbbell-Lateral-Raise_shoulder-AFIX_small.png
3400,dumbbell arnold press,shoulders,dumbbell,front deltoids,side deltoids,bilateral_simultaneous,compound,https://apilyfta.com/static/GymvisualPNG/21371101-Dumbbell-Arnold-Press_Shoulders_small.png
1827,dumbbell raise,shoulders,dumbbell,front deltoids,side deltoids,bilateral_simultaneous,isolation,https://apilyfta.com/static/GymvisualPNG/03761101-Dumbbell-Raise_Shoulders_small.png
253,smith seated shoulder press,shoulders,smith machine,front deltoids,side deltoids|long head|lateral head|medial head,bilateral_simultaneous,compound,https://apilyfta.com/static/GymvisualPNG/07651101-Smith-Seated-Shoulder-Press_Shoulders_small.png
240,smith behind neck press,shoulders,smith machine,side deltoids,front deltoids|rear deltoids|long head|lateral head|medial head,bilateral_simultaneous,compound,https://apilyfta.com/static/GymvisualPNG/07471101-Smith-Behind-Neck-Press_shoulder_small.png
1527,barbell rear delt row,shoulders,barbell,rear deltoids|lats,side deltoids|upper traps|lower traps,bilateral_simultaneous,compound,https://apilyfta.com/static/GymvisualPNG/00761101-Barbell-Rear-Delt-Row_shoulder_small.png
1572,barbell upright row (without weight),back,barbell,upper traps|lower traps,side deltoids|front deltoids|biceps brachii,bilateral_simultaneous,compound,https://apilyfta.com/static/GymvisualPNG/01211101-Barbell-Upright-Row-(without-weight)_Shoulders_small.png
2619,push press,shoulders,barbell,front deltoids,side deltoids|long head|lateral head|medial head,bilateral_simultaneous,compound,https://apilyfta.com/static/GymvisualPNG/12001101-Push-Press_Shoulders_small.png
1856,dumbbell seated shoulder press,shoulders,dumbbell,front deltoids,side deltoids|long head|lateral head|medial head|upper chest,bilateral_simultaneous,compound,https://apilyfta.com/static/GymvisualPNG/04051101-Dumbbell-Seated-Shoulder-Press_Shoulders_small.png
1479,barbell clean and press,shoulders,barbell,front deltoids,side deltoids|long head|lateral head|medial head|vastus lateralis|vastus medialis|vastus intermedius|rectus femoris,bilateral_simultaneous,compound,https://apilyfta.com/static/GymvisualPNG/00281101-Barbell-Clean-and-Press_Shoulders_small.png
4269,barbell standing close grip military press,shoulders,barbell,front deltoids,side deltoids|long head|lateral head|medial head,bilateral_simultaneous,compound,https://apilyfta.com/static/GymvisualPNG/30311101-Barbell-Standing-Close-Grip-Military-Press-(female)_Shoulders_small.png
1734,diamond push up,triceps,body weight,long head|lateral head|medial head,upper chest|front deltoids,bilateral_simultaneous,compound,https://apilyfta.com/static/GymvisualPNG/02831101-Diamond-Push-up_Upper-Arms-FIX_small.png
4980,reverse push up,triceps,body weight,long head|lateral head|medial head,upper chest|front deltoids,bilateral_simultaneous,compound,https://apilyfta.com/static/GymvisualPNG/37511101-Reverse-Push-up_Upper-Arms_small.png
113,close grip push up,triceps,body weight,long head|lateral head|medial head,upper chest|front deltoids,bilateral_simultaneous,compound,https://apilyfta.com/static/GymvisualPNG/02591101-Close-Grip-Push-up_Upper-Arms_small.png
4518,elbow dips,triceps,body weight,long head|lateral head|medial head,upper chest,bilateral_simultaneous,isolation,https://apilyfta.com/static/GymvisualPNG/32871101-Elbow-dips_Upper-arms_small.png
56,bench dip (knees bent),triceps,body weight,long head|lateral head|medial head,upper chest,bilateral_simultaneous,isolation,https://apilyfta.com/static/GymvisualPNG/01291101-Bench-Dip-(knees-bent)_Upper-Arms_small.png
425,cable high pulley overhead tricep extension,triceps,cable,long head|lateral head|medial head,,bilateral_simultaneous,isolation,https://apilyfta.com/static/GymvisualPNG/17221101-Cable-High-Pulley-Overhead-Tricep-Extension_Upper-Arms_small.png
1651,cable pushdown (with rope attachment),triceps,cable,long head|lateral head|medial head,,bilateral_simultaneous,isolation,https://apilyfta.com/static/GymvisualPNG/02001101-Cable-Pushdown-(with-rope-attachment)_Upper-Arms_small.png
435,cable kneeling triceps extension (version 2),triceps,cable,long head|lateral head|medial head,,bilateral_simultaneous,isolation,https://apilyfta.com/static/GymvisualPNG/18591101-Cable-Kneeling-Triceps-Extension-(VERSION-2)_Upper-Arms_small.png
1645,cable overhead triceps extension (rope attachment),triceps,cable,long head|lateral head|medial head,,bilateral_simultaneous,isolation,https://apilyfta.com/static/GymvisualPNG/01941101-Cable-Overhead-Triceps-Extension-(rope-attachment)_Upper-Arms_small.png
107,cable triceps pushdown (v bar attachment),triceps,cable,long head|lateral head|medial head,,bilateral_simultaneous,isolation,https://apilyfta.com/static/GymvisualPNG/02411101-Cable-Triceps-Pushdown-(V-bar-attachment)_Upper-Arms_small.png
1881,dumbbell standing triceps extension,triceps,dumbbell,long head|lateral head|medial head,,unilateral_simultaneous,isolation,https://apilyfta.com/static/GymvisualPNG/04301101-Dumbbell-Standing-Triceps-Extension_Upper-Arms_small.png
1840,dumbbell seated bench extension,triceps,dumbbell,long head|lateral head|medial head,,unilateral_simultaneous,isolation,https://apilyfta.com/static/GymvisualPNG/03891101-Dumbbell-Seated-Bench-Extension_Upper-Arms-FIX_small.png
3433,dumbbells seated triceps extension,triceps,dumbbell,long head|lateral head|medial head,,bilateral_simultaneous,isolation,https://apilyfta.com/static/GymvisualPNG/21891101-Dumbbells-Seated-Triceps-Extension_Upper-Arms_small.png
1871,dumbbell standing kickback,triceps,dumbbell,long head|lateral head|medial head,,bilateral_simultaneous,isolation,https://apilyfta.com/static/GymvisualPNG/04201101-Dumbbell-Standing-Kickback_Upper-Arms_small.png
3030,dumbbell seated bent over triceps extension,triceps,dumbbell,long head|lateral head|medial head,,bilateral_simultaneous,isolation,https://apilyfta.com/static/GymvisualPNG/17371101-Dumbbell-Seated-Bent-Over-Triceps-Extension_Upper-Arms_small.png
5227,dumbbell incline close grip press variation,triceps,dumbbell,upper chest|long head|lateral head|medial head,front deltoids|middle chest,unilateral_simultaneous,isolation,https://apilyfta.com/static/GymvisualPNG/40151101-Dumbbell-Incline-Close-grip-Press-Variation_Upper-Arms_small.png
429,dumbbell standing bent over two arm triceps extension,triceps,dumbbell,long head|lateral head|medial head,biceps brachii,bilateral_simultaneous,isolation,https://apilyfta.com/static/GymvisualPNG/17411101-Dumbbell-Standing-Bent-Over-Two-Arm-Triceps-Extension_Upper-Arms_small.png
428,dumbbell lying single extension,triceps,dumbbell,long head|lateral head|medial head,,unilateral_simultaneous,isolation,https://apilyfta.com/static/GymvisualPNG/17351101-Dumbbell-Lying-Single-Extension_Upper-Arms_small.png
2762,bench dip on floor,triceps,body weight,long head|lateral head|medial head,front deltoids|lats|upper chest,bilateral_simultaneous,compound,https://apilyfta.com/static/GymvisualPNG/13991101-Bench-dip-on-floor_Upper-Arms_small.png
262,triceps dip,triceps,body weight,long head|lateral head|medial head,front deltoids|lats|upper chest,bilateral_simultaneous,compound,https://apilyfta.com/static/GymvisualPNG/08141101-Triceps-Dip_Upper-Arms_small.png
